CREATE TABLE user_groups (
                             id INT PRIMARY KEY AUTO_INCREMENT,
                             name VARCHAR(255) NOT NULL
);

CREATE TABLE users (
                       id INT PRIMARY KEY AUTO_INCREMENT,
                       username VARCHAR(255) NOT NULL,
                       email VARCHAR (255) NOT NULL UNIQUE,
                       password VARCHAR(245) NOT NULL,
                       user_group_id INT NOT NULL,
                       FOREIGN KEY (user_group_id) REFERENCES user_groups(id)
);

CREATE TABLE exercises(
                          id INT PRIMARY KEY AUTO_INCREMENT,
                          title VARCHAR(255) NOT NULL,
                          description TEXT
);

CREATE TABLE solutions (
                           id INT PRIMARY KEY AUTO_INCREMENT,
                           created DATETIME NOT NULL,
                           updated DATETIME,
                           description TEXT,
                           exercise_id INT NOT NULL,
                           user_id INT NOT NULL,
                           FOREIGN KEY (exercise_id) REFERENCES exercises(id) ON DELETE CASCADE,
                           FOREIGN KEY (user_id) REFERENCES users(id) ON DELETE CASCADE
);

#
# TABLE STRUCTURE FOR: exercise
#



INSERT INTO `exercises` (`id`, `title`, `description`) VALUES (1, 'Et quibusdam sit neque occaecati non ad ut.', 'So she began: \'O Mouse, do you know about this business?\' the King said to Alice. \'Only a thimble,\' said Alice thoughtfully: \'but then--I shouldn\'t be hungry for it, he was going on shrinking.');
INSERT INTO `exercises` (`id`, `title`, `description`) VALUES (2, 'Sint tempora tempora vero quasi vitae.', 'I was going to turn round on its axis--\' \'Talking of axes,\' said the Mouse, in a rather offended tone, \'was, that the Mouse only shook its head impatiently, and walked two and two, as the whole.');
INSERT INTO `exercises` (`id`, `title`, `description`) VALUES (3, 'Magnam qui quis et iure.', 'I\'ll be jury,\" Said cunning old Fury: \"I\'ll try the whole window!\' \'Sure, it does, yer honour: but it\'s an arm for all that.\' \'With extras?\' asked the Gryphon, \'she wants for to know your history,.');
INSERT INTO `exercises` (`id`, `title`, `description`) VALUES (4, 'Non reiciendis architecto eos quas est distinctio doloremque.', 'Lizard, Bill, was in livery: otherwise, judging by his face only, she would manage it. \'They must go back and see that she was out of the hall: in fact she was talking. \'How CAN I have to ask his.');
INSERT INTO `exercises` (`id`, `title`, `description`) VALUES (5, 'Nihil itaque aut blanditiis suscipit sed earum.', 'Alice, in a great hurry to get through was more and more sounds of broken glass. \'What a curious dream, dear, certainly: but now run in to your little boy, And beat him when he sneezes: He only does.');
INSERT INTO `exercises` (`id`, `title`, `description`) VALUES (6, 'Sint nisi rem architecto hic omnis dolorem aspernatur.', 'Alice had not attended to this last remark, \'it\'s a vegetable. It doesn\'t look like one, but the Mouse was bristling all over, and she tried hard to whistle to it; but she did not venture to say.');
INSERT INTO `exercises` (`id`, `title`, `description`) VALUES (7, 'Ipsam alias qui quisquam sapiente similique soluta.', 'Queen, \'Really, my dear, and that is rather a complaining tone, \'and they all crowded round her at the flowers and the other side of WHAT?\' thought Alice to herself, \'after such a nice little dog.');
INSERT INTO `exercises` (`id`, `title`, `description`) VALUES (8, 'Quasi nam ut ipsa similique ea vitae quia.', 'Queen of Hearts, who only bowed and smiled in reply. \'Please come back with the Duchess, the Duchess! Oh! won\'t she be savage if I\'ve kept her eyes filled with tears running down his cheeks, he went.');
INSERT INTO `exercises` (`id`, `title`, `description`) VALUES (9, 'Ducimus in nisi quas atque est non dicta.', 'Do you think, at your age, it is I hate cats and dogs.\' It was so much already, that it seemed quite natural); but when the White Rabbit, who said in a whisper.) \'That would be grand, certainly,\'.');
INSERT INTO `exercises` (`id`, `title`, `description`) VALUES (10, 'Autem quia sed et hic officiis.', 'Mock Turtle sighed deeply, and drew the back of one flapper across his eyes. \'I wasn\'t asleep,\' he said to herself, as she was nine feet high. \'Whoever lives there,\' thought Alice, \'and if it please.');
INSERT INTO `exercises` (`id`, `title`, `description`) VALUES (11, 'Reiciendis pariatur autem non libero possimus.', 'Arithmetic--Ambition, Distraction, Uglification, and Derision.\' \'I never could abide figures!\' And with that she began very cautiously: \'But I don\'t remember where.\' \'Well, it must be the right way.');
INSERT INTO `exercises` (`id`, `title`, `description`) VALUES (12, 'Fuga qui velit illo sapiente.', 'Has lasted the rest of the words have got into the air off all its feet at once, in a shrill, passionate voice. \'Would YOU like cats if you want to be?\' it asked. \'Oh, I\'m not the smallest idea how.');
INSERT INTO `exercises` (`id`, `title`, `description`) VALUES (13, 'Modi dolorem dolor laudantium est et nisi vel quod.', 'She soon got it out again, and looking at the end of half those long words, and, what\'s more, I don\'t take this young lady tells us a story.\' \'I\'m afraid I am, sir,\' said Alice; \'that\'s not at all.');
INSERT INTO `exercises` (`id`, `title`, `description`) VALUES (14, 'Amet dolores non voluptas ea aut.', 'I\'m somebody else\"--but, oh dear!\' cried Alice, with a little snappishly. \'You\'re enough to drive one crazy!\' The Footman seemed to have the experiment tried. \'Very true,\' said the King. Here one of.');
INSERT INTO `exercises` (`id`, `title`, `description`) VALUES (15, 'Et ipsum et ut voluptate omnis est.', 'I never heard it before,\' said Alice,) and round Alice, every now and then the Rabbit\'s voice along--\'Catch him, you by the time she had read several nice little histories about children who had.');
INSERT INTO `exercises` (`id`, `title`, `description`) VALUES (16, 'Aspernatur et explicabo sequi.', 'Alice, \'or perhaps they won\'t walk the way YOU manage?\' Alice asked. \'We called him a fish)--and rapped loudly at the end of half an hour or so there were no tears. \'If you\'re going to say,\' said.');
INSERT INTO `exercises` (`id`, `title`, `description`) VALUES (17, 'Sapiente repudiandae pariatur praesentium animi illum minus.', 'Hatter. \'Nor I,\' said the Caterpillar. \'Well, I never understood what it was: at first she thought of herself, \'I don\'t know what it was: at first was in livery: otherwise, judging by his garden.\"\'.');
INSERT INTO `exercises` (`id`, `title`, `description`) VALUES (18, 'Molestiae minima rerum adipisci sint.', 'How brave they\'ll all think me at home! Why, I do it again and again.\' \'You are old,\' said the Mock Turtle persisted. \'How COULD he turn them out with his nose, you know?\' \'It\'s the first to break.');
INSERT INTO `exercises` (`id`, `title`, `description`) VALUES (19, 'Autem ipsam ullam asperiores asperiores quod aut dolor.', 'Off with his tea spoon at the door--I do wish I hadn\'t drunk quite so much!\' said Alice, who always took a great deal of thought, and it said nothing. \'When we were little,\' the Mock Turtle\'s heavy.');
INSERT INTO `exercises` (`id`, `title`, `description`) VALUES (20, 'Eum explicabo enim alias sint quisquam optio quae.', 'THIS witness.\' \'Well, if I shall never get to twenty at that rate! However, the Multiplication Table doesn\'t signify: let\'s try the effect: the next witness. It quite makes my forehead ache!\' Alice.');

INSERT INTO `user_groups` (`id`, `name`) VALUES (1, 'ut');
INSERT INTO `user_groups` (`id`, `name`) VALUES (2, 'officiis');
INSERT INTO `user_groups` (`id`, `name`) VALUES (3, 'in');
INSERT INTO `user_groups` (`id`, `name`) VALUES (4, 'quo');
INSERT INTO `user_groups` (`id`, `name`) VALUES (5, 'beatae');
INSERT INTO `user_groups` (`id`, `name`) VALUES (6, 'et');
INSERT INTO `user_groups` (`id`, `name`) VALUES (7, 'libero');
INSERT INTO `user_groups` (`id`, `name`) VALUES (8, 'placeat');
INSERT INTO `user_groups` (`id`, `name`) VALUES (9, 'est');
INSERT INTO `user_groups` (`id`, `name`) VALUES (10, 'doloribus');

INSERT INTO `users` (`id`, `username`, `email`, `password`, `user_group_id`) VALUES (1, 'jace.gulgowski', 'betty67@gmail.com', '20231128b0ced7bcaa75ea5ed78b589194efd28744f85162db922c73493120e0', 1);
INSERT INTO `users` (`id`, `username`, `email`, `password`, `user_group_id`) VALUES (2, 'moen.vinnie', 'tito.pfannerstill@shanahan.com', '5a841cb5f21431a8bd13876e977f5473896e7defc2b29fabff3aa02088fef5ab', 2);
INSERT INTO `users` (`id`, `username`, `email`, `password`, `user_group_id`) VALUES (3, 'blanda.maci', 'aschaefer@boyer.com', 'f6b0c8380fde81ef5a180519c313889360665530926fd7e5a9399e894a2bb906', 3);
INSERT INTO `users` (`id`, `username`, `email`, `password`, `user_group_id`) VALUES (4, 'thad33', 'magali.christiansen@bayer.com', 'ed904d5c1a90bd31b009c4518fd1bacde4aecaf7bc7265d9e23ea5d554a9ad10', 4);
INSERT INTO `users` (`id`, `username`, `email`, `password`, `user_group_id`) VALUES (5, 'justus03', 'demarcus.bednar@yahoo.com', 'b3feeece5dab91a93cfe64a6f8e44d61906e4f2ef1081ce67aeb2b301ee3070c', 5);
INSERT INTO `users` (`id`, `username`, `email`, `password`, `user_group_id`) VALUES (6, 'edison.ziemann', 'madalyn87@gmail.com', '8405a24edbf72ec1bc02234740a79a24b0b5d8ab166a48a9ddc0a6bfcc0054bf', 6);
INSERT INTO `users` (`id`, `username`, `email`, `password`, `user_group_id`) VALUES (7, 'russell74', 'glenda.kshlerin@paucek.com', 'a048d2c187ad8527b4b9d42f1b7f68dbc9f009a0022468238ce0ba0c5cb81d15', 7);
INSERT INTO `users` (`id`, `username`, `email`, `password`, `user_group_id`) VALUES (8, 'qwitting', 'kallie48@romaguera.net', '68c8b795bf6e81bb73ee9f1744968ee502ceaaa2828500c9c33c3d4be56bf397', 8);
INSERT INTO `users` (`id`, `username`, `email`, `password`, `user_group_id`) VALUES (9, 'feil.tamara', 'wolf.jamaal@hotmail.com', 'b82cbfedcb91842e6439b0f90b93ccd6fd784955a81d0c1869f52a91dc9d679c', 9);
INSERT INTO `users` (`id`, `username`, `email`, `password`, `user_group_id`) VALUES (10, 'america43', 'jfay@hotmail.com', '2caae1a63089b519d61581794724166617971490a04ec989bd6d55312f3f7191', 10);
INSERT INTO `users` (`id`, `username`, `email`, `password`, `user_group_id`) VALUES (11, 'bernie.hessel', 'mueller.suzanne@oreilly.org', '294e392ed084085a34caf7d6b54fa530a3b5f663b2c8000ce01cd3685cf1062f', 1);
INSERT INTO `users` (`id`, `username`, `email`, `password`, `user_group_id`) VALUES (12, 'brycen.bednar', 'ppollich@heller.biz', '5c0e62c903a4814a24b88ec649be6213268a0f4e3b8812b584661b3148f15eac', 2);
INSERT INTO `users` (`id`, `username`, `email`, `password`, `user_group_id`) VALUES (13, 'ywintheiser', 'corwin.germaine@mayerthaley.com', '99ad8e61af7241c86e37f806c7df2f44532adc3a0ad4c04849b62851301ba64d', 3);
INSERT INTO `users` (`id`, `username`, `email`, `password`, `user_group_id`) VALUES (14, 'heather.keebler', 'jadon08@krajcikupton.biz', '46ea33ab8ebb1dce5a83bdceb37b203c8dd4d7887112f4580a9dbc9fd3e01cdf', 4);
INSERT INTO `users` (`id`, `username`, `email`, `password`, `user_group_id`) VALUES (15, 'yolanda.gerlach', 'johnpaul.jones@lind.com', 'b1a2eb5c2d4b450a56aaaf6bc18ef97f1d1fa0cca8777673f5c4494cb9c48b1a', 5);
INSERT INTO `users` (`id`, `username`, `email`, `password`, `user_group_id`) VALUES (16, 'jlittel', 'ikuhn@yahoo.com', '0147f71178880bc5da2efbd3bd5598549c831207a9ba319b8eb24506452430cb', 6);
INSERT INTO `users` (`id`, `username`, `email`, `password`, `user_group_id`) VALUES (17, 'doyle.otilia', 'boehm.john@goldner.com', 'b3cad746f34e32d9495e9f51b0d5770b26a242922734c4ae8035b51408caaafd', 7);
INSERT INTO `users` (`id`, `username`, `email`, `password`, `user_group_id`) VALUES (18, 'michale.o\'conner', 'barton.jovani@gmail.com', '656c701b8b7e7c0c60b0abd4623ec522b9437d632f864fa14b70bb373fa8e3f5', 8);
INSERT INTO `users` (`id`, `username`, `email`, `password`, `user_group_id`) VALUES (19, 'margarette.senger', 'chuels@yahoo.com', '2398e306e1ae70af0a590ca8901a589ee3f2c2fb3e7bc5edc47d550b4a452413', 9);
INSERT INTO `users` (`id`, `username`, `email`, `password`, `user_group_id`) VALUES (20, 'viviane72', 'schulist.darrel@hotmail.com', '06437050b1bf60b0305a69638e71c5a510e0d8b84084d93dcd84f301f89060e2', 10);
INSERT INTO `users` (`id`, `username`, `email`, `password`, `user_group_id`) VALUES (21, 'bailey.jacky', 'helena.fay@hotmail.com', 'f53d7712b9414f64eaf10d6a5076116f651af5eb26fa3ff2d792806b444fdd57', 1);
INSERT INTO `users` (`id`, `username`, `email`, `password`, `user_group_id`) VALUES (22, 'sigmund28', 'gbeer@trantow.org', '219ff10874205491636d3cf36a0c35b4431635e590115223b564f017e727fc7f', 2);
INSERT INTO `users` (`id`, `username`, `email`, `password`, `user_group_id`) VALUES (23, 'lauretta51', 'gislason.elenora@block.net', '5fa84b4ac463f93055bfaea93bd342b85a00f974a3ac4acc60dca22444620c39', 3);
INSERT INTO `users` (`id`, `username`, `email`, `password`, `user_group_id`) VALUES (24, 'drew.cole', 'nova.rowe@crist.net', '51f8b354aa60e55c122a6b0fe528fc9bca53a29a0d574374b86ac1568ad5a0b2', 4);
INSERT INTO `users` (`id`, `username`, `email`, `password`, `user_group_id`) VALUES (25, 'bbalistreri', 'dolores53@howe.biz', 'a16319a9c18d0a0bad6e11732ebdfd3ff388777689555df3c4ccdeee8f1d20b2', 5);
INSERT INTO `users` (`id`, `username`, `email`, `password`, `user_group_id`) VALUES (26, 'okuneva.kara', 'karley18@hotmail.com', 'afa6a949904cd15652db26d90fa2b797ff95a9e8974ba31cca6dc7912a1b6f8f', 6);
INSERT INTO `users` (`id`, `username`, `email`, `password`, `user_group_id`) VALUES (27, 'obednar', 'prosenbaum@gutmannparisian.biz', 'c34f6c105f3560d3596afdd99f25311b416681863ce7c9ae0a86fafa3aaad950', 7);
INSERT INTO `users` (`id`, `username`, `email`, `password`, `user_group_id`) VALUES (28, 'tboyle', 'jeremy39@gmail.com', 'c1df5b81ced0152e062b72a5730c7e803a507c9130fca8822ec72954ba3a68d8', 8);
INSERT INTO `users` (`id`, `username`, `email`, `password`, `user_group_id`) VALUES (29, 'gutkowski.savanna', 'hyatt.scarlett@gmail.com', '5430c5bae5d47ae28d103e81b8c9082776bcb9a00dde607b283a6a7049e3b42a', 9);
INSERT INTO `users` (`id`, `username`, `email`, `password`, `user_group_id`) VALUES (30, 'pterry', 'glenna.raynor@yahoo.com', 'b2298dbb499e4d994371489030cd71d3a44ff0d4ecb9ba7cd98083686e3566b4', 10);

INSERT INTO `solutions` (`id`, `created`, `updated`, `description`, `exercise_id`, `user_id`) VALUES (1, '2018-10-06 22:20:16', '2007-05-28 15:36:28', 'Alice, she went on again:-- \'I didn\'t write it, and talking over its head. \'Very uncomfortable for the hedgehogs; and in THAT direction,\' waving the other bit. Her chin was pressed so closely.', 1, 1);
INSERT INTO `solutions` (`id`, `created`, `updated`, `description`, `exercise_id`, `user_id`) VALUES (2, '2018-09-17 14:16:31', '1995-05-21 13:11:29', 'Alice replied, so eagerly that the way to fly up into the loveliest garden you ever saw. How she longed to get rather sleepy, and went on in a pleased tone. \'Pray don\'t trouble yourself to say \'I.', 2, 2);
INSERT INTO `solutions` (`id`, `created`, `updated`, `description`, `exercise_id`, `user_id`) VALUES (3, '2018-02-19 22:26:26', '1978-08-16 10:26:32', 'At this moment Alice appeared, she was small enough to drive one crazy!\' The Footman seemed to listen, the whole place around her became alive with the other players, and shouting \'Off with her head.', 3, 3);
INSERT INTO `solutions` (`id`, `created`, `updated`, `description`, `exercise_id`, `user_id`) VALUES (4, '2018-06-01 06:55:07', '2000-03-11 18:12:22', 'ONE with such a dreadful time.\' So Alice got up very carefully, with one eye; \'I seem to come yet, please your Majesty?\' he asked. \'Begin at the thought that she hardly knew what she was exactly.', 4, 4);
INSERT INTO `solutions` (`id`, `created`, `updated`, `description`, `exercise_id`, `user_id`) VALUES (5, '2018-05-25 14:15:27', '1978-02-06 02:30:48', 'Gryphon interrupted in a great crash, as if he thought it must be on the trumpet, and called out, \'First witness!\' The first thing she heard a little of the hall; but, alas! either the locks were.', 5, 5);
INSERT INTO `solutions` (`id`, `created`, `updated`, `description`, `exercise_id`, `user_id`) VALUES (6, '2018-06-18 21:13:57', '2010-03-24 10:36:48', 'It was the first to break the silence. \'What day of the Queen was silent. The Dormouse shook itself, and began to repeat it, but her head pressing against the ceiling, and had no very clear notion.', 6, 6);
INSERT INTO `solutions` (`id`, `created`, `updated`, `description`, `exercise_id`, `user_id`) VALUES (7, '2018-11-21 05:11:46', '2015-11-01 06:36:53', 'Duchess: \'what a clear way you have of putting things!\' \'It\'s a Cheshire cat,\' said the Dormouse; \'--well in.\' This answer so confused poor Alice, \'it would be offended again. \'Mine is a long time.', 7, 7);
INSERT INTO `solutions` (`id`, `created`, `updated`, `description`, `exercise_id`, `user_id`) VALUES (8, '2018-05-22 11:38:51', '1992-11-27 06:24:10', 'Turn that Dormouse out of sight. Alice remained looking thoughtfully at the window.\' \'THAT you won\'t\' thought Alice, \'or perhaps they won\'t walk the way of keeping up the little golden key, and.', 8, 8);
INSERT INTO `solutions` (`id`, `created`, `updated`, `description`, `exercise_id`, `user_id`) VALUES (9, '2018-04-14 14:51:20', '1991-02-26 12:37:06', 'The Duchess took her choice, and was in March.\' As she said aloud. \'I shall sit here,\' he said, turning to Alice, she went on. Her listeners were perfectly quiet till she had someone to listen to.', 9, 9);
INSERT INTO `solutions` (`id`, `created`, `updated`, `description`, `exercise_id`, `user_id`) VALUES (10, '2018-12-01 02:49:59', '1988-03-25 20:19:18', 'Duchess; \'and most things twinkled after that--only the March Hare said in an offended tone, \'Hm! No accounting for tastes! Sing her \"Turtle Soup,\" will you, won\'t you, will you, won\'t you, will.', 10, 10);
INSERT INTO `solutions` (`id`, `created`, `updated`, `description`, `exercise_id`, `user_id`) VALUES (11, '2018-02-25 00:24:42', '1978-10-16 10:46:46', 'March Hare interrupted, yawning. \'I\'m getting tired of sitting by her sister sat still just as I get SOMEWHERE,\' Alice added as an explanation; \'I\'ve none of them hit her in a great hurry. \'You.', 11, 11);
INSERT INTO `solutions` (`id`, `created`, `updated`, `description`, `exercise_id`, `user_id`) VALUES (12, '2018-06-02 23:38:58', '2014-11-21 01:01:22', 'Queen, in a great hurry to get in at the stick, running a very difficult question. However, at last it unfolded its arms, took the hookah out of its right ear and left foot, so as to prevent its.', 12, 12);
INSERT INTO `solutions` (`id`, `created`, `updated`, `description`, `exercise_id`, `user_id`) VALUES (13, '2018-03-02 00:33:34', '2011-11-24 16:55:16', 'Alice said to herself, as she spoke; \'either you or your head must be a book of rules for shutting people up like telescopes: this time it all came different!\' Alice replied eagerly, for she was.', 13, 13);
INSERT INTO `solutions` (`id`, `created`, `updated`, `description`, `exercise_id`, `user_id`) VALUES (14, '2018-03-17 14:46:59', '1970-06-25 10:11:45', 'Mouse was speaking, so that it was a large fan in the lock, and to wonder what you\'re at!\" You know the song, \'I\'d have said to herself, \'in my going out altogether, like a Jack-in-the-box, and up.', 14, 14);
INSERT INTO `solutions` (`id`, `created`, `updated`, `description`, `exercise_id`, `user_id`) VALUES (15, '2018-02-17 02:13:27', '1975-06-17 11:08:43', 'Pennyworth only of beautiful Soup? Beau--ootiful Soo--oop! Beau--ootiful Soo--oop! Beau--ootiful Soo--oop! Soo--oop of the game, feeling very curious to see you any more!\' And here Alice began to.', 15, 15);
INSERT INTO `solutions` (`id`, `created`, `updated`, `description`, `exercise_id`, `user_id`) VALUES (16, '2018-10-12 09:05:42', '1982-03-07 23:50:01', 'I almost wish I\'d gone to see what would happen next. The first witness was the White Rabbit read:-- \'They told me he was speaking, so that by the prisoner to--to somebody.\' \'It must have been.', 16, 16);
INSERT INTO `solutions` (`id`, `created`, `updated`, `description`, `exercise_id`, `user_id`) VALUES (17, '2018-05-04 11:19:28', '2000-02-25 02:51:26', 'Rabbit\'s little white kid gloves, and was going off into a sort of thing never happened, and now here I am to see the Queen. \'I haven\'t opened it yet,\' said the King; \'and don\'t look at the Duchess.', 17, 17);
INSERT INTO `solutions` (`id`, `created`, `updated`, `description`, `exercise_id`, `user_id`) VALUES (18, '2018-10-26 10:33:33', '2018-02-01 02:18:36', 'Dormouse!\' And they pinched it on both sides at once. The Dormouse shook itself, and began to say it any longer than that,\' said the Hatter. This piece of it in a great many teeth, so she began.', 18, 18);
INSERT INTO `solutions` (`id`, `created`, `updated`, `description`, `exercise_id`, `user_id`) VALUES (19, '2018-09-01 16:55:55', '2001-10-02 17:04:11', 'Soup,\" will you, won\'t you, will you, won\'t you, will you join the dance? \"You can really have no answers.\' \'If you please, sir--\' The Rabbit started violently, dropped the white kid gloves in one.', 19, 19);
INSERT INTO `solutions` (`id`, `created`, `updated`, `description`, `exercise_id`, `user_id`) VALUES (20, '2018-08-07 06:48:35', '2016-09-18 20:41:30', 'Queen was close behind her, listening: so she began again: \'Ou est ma chatte?\' which was lit up by wild beasts and other unpleasant things, all because they WOULD go with Edgar Atheling to meet.', 20, 20);
INSERT INTO `solutions` (`id`, `created`, `updated`, `description`, `exercise_id`, `user_id`) VALUES (21, '2018-01-20 00:12:41', '1978-08-11 01:22:22', 'And it\'ll fetch things when you come and join the dance. So they couldn\'t get them out again. Suddenly she came upon a Gryphon, lying fast asleep in the pool, \'and she sits purring so nicely by the.', 1, 21);
INSERT INTO `solutions` (`id`, `created`, `updated`, `description`, `exercise_id`, `user_id`) VALUES (22, '2018-04-30 11:20:34', '1981-09-08 17:33:49', 'The jury all looked puzzled.) \'He must have a trial: For really this morning I\'ve nothing to do: once or twice she had gone through that day. \'No, no!\' said the Hatter: \'I\'m on the trumpet, and.', 2, 22);
INSERT INTO `solutions` (`id`, `created`, `updated`, `description`, `exercise_id`, `user_id`) VALUES (23, '2018-02-11 11:37:50', '2009-08-02 14:23:37', 'White Rabbit was no use going back to the Gryphon. \'It all came different!\' the Mock Turtle. Alice was just going to happen next. \'It\'s--it\'s a very good advice, (though she very good-naturedly.', 3, 23);
INSERT INTO `solutions` (`id`, `created`, `updated`, `description`, `exercise_id`, `user_id`) VALUES (24, '2018-01-07 18:22:11', '1978-04-03 01:13:28', 'I tell you!\' said Alice. \'Of course not,\' Alice cautiously replied: \'but I know THAT well enough; and what does it matter to me whether you\'re a little startled when she had never seen such a long.', 4, 24);
INSERT INTO `solutions` (`id`, `created`, `updated`, `description`, `exercise_id`, `user_id`) VALUES (25, '2018-04-30 16:40:08', '2018-08-21 15:40:03', 'You\'re mad.\' \'How do you know about this business?\' the King replied. Here the other guinea-pig cheered, and was a little girl or a worm. The question is, what did the archbishop find?\' The Mouse.', 5, 25);
INSERT INTO `solutions` (`id`, `created`, `updated`, `description`, `exercise_id`, `user_id`) VALUES (26, '2018-05-09 13:18:00', '2018-07-18 21:53:29', 'Puss,\' she began, in rather a complaining tone, \'and they drew all manner of things--everything that begins with a T!\' said the Dodo solemnly, rising to its feet, ran round the hall, but they were.', 6, 26);
INSERT INTO `solutions` (`id`, `created`, `updated`, `description`, `exercise_id`, `user_id`) VALUES (27, '2018-10-13 16:40:53', '2004-11-29 15:02:28', 'Alice hastily replied; \'at least--at least I mean what I see\"!\' \'You might just as well. The twelve jurors were writing down \'stupid things!\' on their hands and feet at once, and ran off, thinking.', 7, 27);
INSERT INTO `solutions` (`id`, `created`, `updated`, `description`, `exercise_id`, `user_id`) VALUES (28, '2018-02-15 19:53:22', '1991-04-30 01:36:41', 'Alice had never done such a dear little puppy it was!\' said Alice, rather doubtfully, as she had grown so large a house, that she had never been so much at this, but at the thought that it might.', 8, 28);
INSERT INTO `solutions` (`id`, `created`, `updated`, `description`, `exercise_id`, `user_id`) VALUES (29, '2017-12-25 21:14:23', '1980-07-30 21:58:20', 'Dinah: I think I can remember feeling a little bird as soon as she could, for the accident of the tail, and ending with the Queen, \'Really, my dear, I think?\' \'I had NOT!\' cried the Gryphon, \'that.', 9, 29);
INSERT INTO `solutions` (`id`, `created`, `updated`, `description`, `exercise_id`, `user_id`) VALUES (30, '2018-10-10 16:40:11', '2012-06-24 02:03:49', 'I grow up, I\'ll write one--but I\'m grown up now,\' she said, without even looking round. \'I\'ll fetch the executioner went off like an arrow. The Cat\'s head began fading away the time. Alice had been.', 10, 30);
INSERT INTO `solutions` (`id`, `created`, `updated`, `description`, `exercise_id`, `user_id`) VALUES (31, '2018-01-08 14:01:16', '2014-11-11 19:16:08', 'Long Tale They were just beginning to grow to my jaw, Has lasted the rest of my life.\' \'You are old,\' said the Hatter. Alice felt a very respectful tone, but frowning and making quite a conversation.', 11, 1);
INSERT INTO `solutions` (`id`, `created`, `updated`, `description`, `exercise_id`, `user_id`) VALUES (32, '2018-03-23 05:21:43', '2013-11-26 12:33:26', 'King replied. Here the Queen left off, quite out of its voice. \'Back to land again, and all that,\' he said in a great many more than three.\' \'Your hair wants cutting,\' said the Queen, and Alice.', 12, 2);
INSERT INTO `solutions` (`id`, `created`, `updated`, `description`, `exercise_id`, `user_id`) VALUES (33, '2018-10-17 05:11:36', '2007-05-27 15:55:05', 'Dinah, if I chose,\' the Duchess was sitting on the slate. \'Herald, read the accusation!\' said the Mock Turtle. \'Very much indeed,\' said Alice. \'Of course not,\' said the Duchess, digging her sharp.', 13, 3);
INSERT INTO `solutions` (`id`, `created`, `updated`, `description`, `exercise_id`, `user_id`) VALUES (34, '2018-08-15 11:38:44', '1985-03-23 23:08:55', 'Adventures of hers that you had been all the rats and--oh dear!\' cried Alice, jumping up in her lessons in here? Why, there\'s hardly room for YOU, and no one else seemed inclined to say anything..', 14, 4);
INSERT INTO `solutions` (`id`, `created`, `updated`, `description`, `exercise_id`, `user_id`) VALUES (35, '2018-11-07 15:53:25', '1995-01-01 06:41:48', 'I know?\' said Alice, \'I\'ve often seen them at dinn--\' she checked herself hastily, and said \'No, never\') \'--so you can have no idea what a long time with great emphasis, looking hard at Alice for.', 15, 5);
INSERT INTO `solutions` (`id`, `created`, `updated`, `description`, `exercise_id`, `user_id`) VALUES (36, '2018-03-10 06:13:05', '1986-01-31 20:05:15', 'Cat again, sitting on the Duchess\'s knee, while plates and dishes crashed around it--once more the shriek of the soldiers shouted in reply. \'Please come back again, and Alice was just in time to go,.', 16, 6);
INSERT INTO `solutions` (`id`, `created`, `updated`, `description`, `exercise_id`, `user_id`) VALUES (37, '2018-12-09 11:39:27', '1981-02-09 16:44:51', 'Alice said very humbly; \'I won\'t indeed!\' said Alice, \'and why it is all the things get used up.\' \'But what happens when one eats cake, but Alice had begun to dream that she was trying to invent.', 17, 7);
INSERT INTO `solutions` (`id`, `created`, `updated`, `description`, `exercise_id`, `user_id`) VALUES (38, '2018-10-15 04:06:39', '1973-02-24 11:15:25', 'Rabbit\'s voice; and the words \'DRINK ME\' beautifully printed on it but tea. \'I don\'t know the way I want to see the earth takes twenty-four hours to turn into a line along the sea-shore--\' \'Two.', 18, 8);
INSERT INTO `solutions` (`id`, `created`, `updated`, `description`, `exercise_id`, `user_id`) VALUES (39, '2018-06-10 08:50:48', '2007-08-21 07:50:44', 'CAN I have dropped them, I wonder?\' And here Alice began to say a word, but slowly followed her back to her: its face to see its meaning. \'And just as well look and see that the best way to hear it.', 19, 9);
INSERT INTO `solutions` (`id`, `created`, `updated`, `description`, `exercise_id`, `user_id`) VALUES (40, '2018-07-31 23:52:58', '1984-09-05 18:47:46', 'Ann! Mary Ann!\' said the Queen, but she saw maps and pictures hung upon pegs. She took down a good thing!\' she said this she looked back once or twice, half hoping that they had to stoop to save her.', 20, 10);
INSERT INTO `solutions` (`id`, `created`, `updated`, `description`, `exercise_id`, `user_id`) VALUES (41, '2018-04-13 04:35:59', '1998-04-02 04:21:38', 'I\'m better now--but I\'m a hatter.\' Here the Dormouse turned out, and, by the way, and the executioner ran wildly up and down looking for them, and was coming back to the waving of the jurymen. \'No,.', 1, 11);
INSERT INTO `solutions` (`id`, `created`, `updated`, `description`, `exercise_id`, `user_id`) VALUES (42, '2017-12-26 22:28:27', '2013-04-11 09:42:36', 'I didn\'t,\' said Alice: \'three inches is such a noise inside, no one could possibly hear you.\' And certainly there was generally a frog or a worm. The question is, what?\' The great question certainly.', 2, 12);
INSERT INTO `solutions` (`id`, `created`, `updated`, `description`, `exercise_id`, `user_id`) VALUES (43, '2018-06-13 21:42:39', '1993-08-11 05:10:09', 'Gryphon went on. \'I do,\' Alice said to herself, \'Which way? Which way?\', holding her hand in hand, in couples: they were gardeners, or soldiers, or courtiers, or three times over to the porpoise,.', 3, 13);
INSERT INTO `solutions` (`id`, `created`, `updated`, `description`, `exercise_id`, `user_id`) VALUES (44, '2018-05-30 22:56:11', '1996-08-28 08:51:11', 'Hatter. \'He won\'t stand beating. Now, if you only walk long enough.\' Alice felt so desperate that she was surprised to find that her idea of having nothing to do.\" Said the mouse doesn\'t get out.\".', 4, 14);
INSERT INTO `solutions` (`id`, `created`, `updated`, `description`, `exercise_id`, `user_id`) VALUES (45, '2018-03-04 04:14:33', '2018-01-12 07:59:38', 'Alice panted as she spoke. Alice did not at all for any lesson-books!\' And so it was neither more nor less than no time to go, for the accident of the evening, beautiful Soup! \'Beautiful Soup! Who.', 5, 15);
INSERT INTO `solutions` (`id`, `created`, `updated`, `description`, `exercise_id`, `user_id`) VALUES (46, '2018-02-28 01:57:26', '2002-07-21 00:35:42', 'When she got into the open air. \'IF I don\'t take this child away with me,\' thought Alice, and, after glaring at her as hard as it went. So she stood still where she was always ready to make out what.', 6, 16);
INSERT INTO `solutions` (`id`, `created`, `updated`, `description`, `exercise_id`, `user_id`) VALUES (47, '2018-11-21 15:09:09', '1994-01-25 03:10:44', 'For really this morning I\'ve nothing to do: once or twice, and shook itself. Then it got down off the top with its arms folded, quietly smoking a long sleep you\'ve had!\' \'Oh, I\'ve had such a noise.', 7, 17);
INSERT INTO `solutions` (`id`, `created`, `updated`, `description`, `exercise_id`, `user_id`) VALUES (48, '2018-12-08 06:00:10', '1998-11-18 17:02:47', 'I dare say there may be ONE.\' \'One, indeed!\' said Alice, whose thoughts were still running on the floor, and a Long Tale They were just beginning to end,\' said the Duchess; \'and most of \'em do.\' \'I.', 8, 18);
INSERT INTO `solutions` (`id`, `created`, `updated`, `description`, `exercise_id`, `user_id`) VALUES (49, '2018-11-06 16:26:51', '1987-12-08 05:53:44', 'Alice kept her waiting!\' Alice felt a violent blow underneath her chin: it had VERY long claws and a large fan in the world am I? Ah, THAT\'S the great concert given by the soldiers, who of course.', 9, 19);
INSERT INTO `solutions` (`id`, `created`, `updated`, `description`, `exercise_id`, `user_id`) VALUES (50, '2018-03-24 01:33:15', '2008-07-08 12:13:24', 'ME\' beautifully printed on it but tea. \'I don\'t know much,\' said Alice; \'living at the bottom of a bottle. They all made of solid glass; there was a large kitchen, which was a little of the Lobster.', 10, 20);
INSERT INTO `solutions` (`id`, `created`, `updated`, `description`, `exercise_id`, `user_id`) VALUES (51, '2018-11-15 08:45:57', '1993-08-16 23:51:21', 'Alice whispered, \'that it\'s done by everybody minding their own business,\' the Duchess and the happy summer days. THE.', 11, 21);
INSERT INTO `solutions` (`id`, `created`, `updated`, `description`, `exercise_id`, `user_id`) VALUES (52, '2018-01-22 03:28:20', '1997-01-29 06:34:14', 'Alice waited a little, \'From the Queen. \'I haven\'t opened it yet,\' said Alice; \'it\'s laid for a rabbit! I suppose you\'ll be asleep again before it\'s done.\' \'Once upon a little worried. \'Just about.', 12, 22);
INSERT INTO `solutions` (`id`, `created`, `updated`, `description`, `exercise_id`, `user_id`) VALUES (53, '2018-07-21 18:05:03', '1980-10-14 21:24:14', 'Who ever saw in another moment that it was certainly English. \'I don\'t see,\' said the Gryphon, the squeaking of the jury had a door leading right into it. \'That\'s very curious.\' \'It\'s all about for.', 13, 23);
INSERT INTO `solutions` (`id`, `created`, `updated`, `description`, `exercise_id`, `user_id`) VALUES (54, '2018-09-07 07:36:03', '1978-03-27 22:22:06', 'Alice was not an encouraging opening for a moment that it was not much surprised at this, but at any rate he might answer questions.--How am I to do it! Oh dear! I shall be punished for it flashed.', 14, 24);
INSERT INTO `solutions` (`id`, `created`, `updated`, `description`, `exercise_id`, `user_id`) VALUES (55, '2018-01-08 02:49:04', '1991-07-11 05:31:28', 'Mock Turtle interrupted, \'if you only kept on puzzling about it while the rest of it had lost something; and she grew no larger: still it was getting very sleepy; \'and they all stopped and looked at.', 15, 25);
INSERT INTO `solutions` (`id`, `created`, `updated`, `description`, `exercise_id`, `user_id`) VALUES (56, '2018-03-09 22:34:07', '2008-04-02 03:00:41', 'There was a very grave voice, \'until all the party went back to yesterday, because I was going to give the hedgehog a blow with its arms folded, quietly smoking a long argument with the birds and.', 16, 26);
INSERT INTO `solutions` (`id`, `created`, `updated`, `description`, `exercise_id`, `user_id`) VALUES (57, '2018-01-06 13:37:54', '2000-05-26 18:15:35', 'Alice, and she tried to get in at the bottom of a book,\' thought Alice to herself. At this moment Alice appeared, she was ever to get in at the door--I do wish I hadn\'t quite finished my tea when I.', 17, 27);
INSERT INTO `solutions` (`id`, `created`, `updated`, `description`, `exercise_id`, `user_id`) VALUES (58, '2018-10-13 00:47:53', '1998-10-15 03:26:27', 'She said this she looked down at them, and he wasn\'t one?\' Alice asked. The Hatter shook his head off outside,\' the Queen was silent. The King turned pale, and shut his note-book hastily. \'Consider.', 18, 28);
INSERT INTO `solutions` (`id`, `created`, `updated`, `description`, `exercise_id`, `user_id`) VALUES (59, '2018-06-27 21:52:04', '2014-08-08 23:15:41', 'However, it was too late to wish that! She went in without knocking, and hurried off at once set to work throwing everything within her reach at the window.\' \'THAT you won\'t\' thought Alice, \'to.', 19, 29);
INSERT INTO `solutions` (`id`, `created`, `updated`, `description`, `exercise_id`, `user_id`) VALUES (60, '2018-02-03 17:16:56', '1986-02-05 08:16:42', 'And yet you incessantly stand on their slates, and then they wouldn\'t be so kind,\' Alice replied, so eagerly that the way out of its mouth and yawned once or twice, half hoping that the way the.', 20, 30);